target,target_names
341340,0
341341,0
341342,0
341343,0
341344,0
341345,0
341346,0
341347,0
341348,0
341349,0
341350,0
341351,0
341352,0
341353,0
341354,0
341355,0
341356,0
341357,0
341358,0
341359,0
341360,0
341361,0
341362,0
341363,0
341364,0
341365,0
341366,0
341367,0
113430,1
113431,1
113432,1
113433,1
113434,1
113435,1
113436,1
113437,1
113438,1
113439,1
113440,1
113441,1
113442,1
113443,1
113444,1
113445,1
113446,1
113447,1
113448,1
113449,1
113450,1
113451,1
113452,1
113453,1
113454,1
113455,1
113456,1
347600,2
347601,2
347602,2
347603,2
347604,2
347605,2
347606,2
347607,2
347608,2
347609,2
347610,2
347611,2
347612,2
347613,2
347614,2
347615,2
347616,2
347617,2
347618,2
347619,2
347620,2
347621,2
