3413403674,rosario
3413403675,rosario
3413403676,rosario
3413403677,rosario
3413403678,rosario
3413403679,rosario
3413403680,rosario
3413403681,rosario
3413403682,rosario
3413403683,rosario
3413403684,rosario
3413403685,rosario
3413403686,rosario
3413403687,rosario
3413403688,rosario
3413403689,rosario
3413403690,rosario
3413403691,rosario
3413403692,rosario
3413403693,rosario
3413403694,rosario
3413403695,rosario
3413403696,rosario
3413403697,rosario
3413403698,rosario
3413403699,rosario
3413403700,rosario
3413403701,rosario
1133403674,buenos aires
1133403675,buenos aires
1133403676,buenos aires
1133403677,buenos aires
1133403678,buenos aires
1133403679,buenos aires
1133403680,buenos aires
1133403681,buenos aires
1133403682,buenos aires
1133403683,buenos aires
1133403684,buenos aires
1133403685,buenos aires
1133403686,buenos aires
1133403687,buenos aires
1133403688,buenos aires
1133403689,buenos aires
1133403690,buenos aires
1133403691,buenos aires
1133403692,buenos aires
1133403693,buenos aires
1133403694,buenos aires
1133403695,buenos aires
1133403696,buenos aires
1133403697,buenos aires
1133403698,buenos aires
1133403699,buenos aires
1133403700,buenos aires
3476403674,pueblo nuevo
3476403675,pueblo nuevo
3476403676,pueblo nuevo
3476403677,pueblo nuevo
3476403678,pueblo nuevo
3476403679,pueblo nuevo
3476403680,pueblo nuevo
3476403681,pueblo nuevo
3476403682,pueblo nuevo
3476403683,pueblo nuevo
3476403684,pueblo nuevo
3476403685,pueblo nuevo
3476403686,pueblo nuevo
3476403687,pueblo nuevo
3476403688,pueblo nuevo
3476403689,pueblo nuevo
3476403690,pueblo nuevo
3476403691,pueblo nuevo
3476403692,pueblo nuevo
3476403693,pueblo nuevo
3476403694,pueblo nuevo
3476403695,pueblo nuevo
